projected_count,standard_us_per_op,walk_us_per_op,index_us_per_op,modular_us_per_op,page_cold_us_per_op,page_warm_us_per_op
1,30053.092,2003.583,1.936,1.499,47.699,1.525
2,31338.170,2000.398,2.803,1.770,46.864,1.829
4,30257.275,2000.431,4.393,2.273,49.045,2.445
8,30874.811,2001.002,7.449,3.122,49.410,3.722
16,30145.344,2001.374,13.761,4.971,52.484,6.095
32,30621.781,2000.832,26.163,8.914,55.533,10.860
64,27059.950,1999.494,50.539,16.402,66.023,20.014
128,26980.807,1999.641,100.043,31.726,86.312,39.441
256,27345.196,1995.238,198.354,62.132,121.642,75.756
512,27297.207,1979.004,401.184,123.702,200.484,153.038
1024,27772.033,1956.531,821.852,265.504,364.558,314.250
2000,30682.719,1981.928,1639.144,571.409,688.146,641.414
